name,hexcode,w3cname
10_years_color,#decade,False
2am_depression,#4c43a0,False
30_day_fitness,#21d890,False
3am_fridge_light,#fafcff,False
3d_black,#3d3d3d,False
a2b2_yellow,#fff200,False
a_body_has_been_discovered,#ff0062,False
a_color_similar_to_slate,#2f4f4f,False
a_distinctive_lack_of_hue,#141414,False
a_mann's_mint,#bcddb3,False
a_potato_flew_around_my_roooom,#dec0b2,False
a_unicorn_sneeze,#fb00ff,False
abreast,#b00b13,False
absolute_grey,#7f7f7f,False
ace_pride_purple,#810081,False
ace_purple,#6e43a3,False
ace_purple,#800080,False
adios_toreador,#a15000,False
advertisements,#adadad,False
afton,#842593,False
aged_moustache_grey,#7e7e7e,False
agressive_aqua,#00fbff,False
alarming_slime,#2ce335,False
alex,#661c39,False
alice_in_wonderblue,#00eeff,False
aliceblue,#f0f8ff,True
almond_milk,#fff7f0,False
almost_charcoal,#7d7d7d,False
almost_olive_green,#9dbc9a,False
almost_there_moon,#cacaca,False
almost_there_white,#fbfaff,False
alphabet_blue,#abcdef,False
alphabet_foam_green,#abcabc,False
alphanumeric_blue,#123abc,False
alphanumerical_blue,#a1b2c3,False
amber,#ffbf00,False
among_us,#c9000d,False
an_almost_pink_red,#ee7a7a,False
ancestral_water,#d0d0d0,False
andromada,#db31ab,False
angel_pink,#ffe3ed,False
angelic_white,#fcfffe,False
angelwings,#fdfcff,False
annoying_pink,#ff00f7,False
antiquewhite,#faebd7,True
antonio_kam,#ccff00,False
aqua,#00ffff,True
aquamarine,#7fffd4,False
aquamarine,#7fffd4,True
arabica_mint,#c0ffee,False
arachnid's_grip_cerulean,#005682,False
arctic_glacier,#ebfffc,False
ariana_grande,#e3b4c4,False
army_green,#4b5320,False
aromantic_dark_green,#3da542,False
arsenic_catnip,#416600,False
artificial_green_apple_flavor,#15ff00,False
artificial_strawberry,#cf2280,False
atomic_yellow,#fad314,False
attmay_green,#006666,False
australium,#e7b53b,False
average_tumblr,#293e46,False
awesome_car,#ef0035,False
azure,#007fff,False
azure,#0080ff,False
azure,#f0ffff,True
baby_blue,#c3e7fd,False
baby_purple,#d0afeb,False
backwards_beige,#fedcba,False
backwards_weed,#024024,False
bad_dad,#baddad,False
bad_guy,#1aff00,False
badass,#b4da55,False
badass_green,#bada55,False
badass_watermelon_green,#b4d455,False
balmy_weather,#00ffdd,False
banana,#ffe32e,False
barbie,#ff00a0,False
barbie_pink,#ff0089,False
battery-powered,#2fff00,False
beaded_purple,#beaded,False
becquerel,#4bec13,False
bee_blue,#beeeee,False
beef,#beeeef,False
beige,#f5f5dc,True
berry_bee_benson,#fffb00,False
big_bang_pink,#ff0099,False
billy_irish,#00ff15,False
binary_black,#010101,False
binary_gray,#101010,False
bisque,#ffe4c4,True
black,#000000,True
black_but_apparently_not_black,#020f03,False
black_howl,#020203,False
black_of_twos,#020202,False
black_olives,#181818,False
blackerererer,#000004,False
blacklight,#6c00ff,False
blanchedalmond,#ffebcd,True
blaze_it_dark_magenta,#420420,False
bleach,#f4f4f4,False
bleeding_crimson,#9b1414,False
blood,#960000,False
blood_of_my_enemies,#3b0712,False
bloody__hell,#9c1000,False
bloof,#000fff,False
bloood,#b1000d,False
blue,#0000ff,False
blue,#0000ff,True
blue_but_it_drank_bleach,#9eb1ff,False
blue_but_it_hurts_your_eyes,#1100ff,False
blue_electricity,#0015ff,False
blue_loneliness,#486d83,False
blue_screen_of_death,#0c00ec,False
blue_to_the_seventeenth,#131072,False
blueberry_pi,#314159,False
bluebolt,#2600ff,False
blueviolet,#8a2be2,True
bluple,#4400ff,False
blyatful,#bbbbbb,False
bobobo,#b0b0b0,False
body_discovery_announcement,#f0509a,False
bone,#fffaf2,False
bones_are_actually_wet,#f2efe1,False
boo_red,#b00000,False
booboo,#b00b00,False
booshy_grapes,#e600ff,False
bootstrap_blue,#007bff,False
borderline_blue,#324bf4,False
bored_button_red,#d20000,False
bouncy_blue,#00e5ff,False
brainzooming_orange_blast,#ee6130,False
bright_forest,#728a51,False
brighter_than_my_computer_screen,#40ff00,False
brighter_than_my_future,#f6ff00,False
brilliance,#fdfdfd,False
british_phone_box_red,#ff0015,False
british_racing_green,#004225,False
brown,#964b00,False
brown,#a52a2a,True
bts,#a27ed5,False
bts,#b898fb,False
bts,#d600ff,False
bumblebee_sun,#e5ff00,False
burlywood,#deb887,True
butter,#fffcc3,False
cadetblue,#5f9ea0,True
can't_even_red,#ee362e,False
cannon_smoke,#383838,False
capricious_purple,#2b0057,False
captorial_citroid,#a1a100,False
caribbean,#00ffea,False
cat,#d08439,False
catch_22,#222222,False
cerebellum_grey,#cbcbcb,False
cerebral_grey,#cccccc,False
cerebri_ai_blue,#0ba2fd,False
cervantes_pineapple_yellow,#b2b200,False
chartreuse,#7fff00,False
chartreuse,#7fff00,True
cheap_mattress,#badbed,False
cheek_red,#a55a55,False
cheems,#de8e1f,False
cheese,#ffd000,False
cheeto_dust_color,#ffb300,False
cherry_pink,#d13652,False
cherry_soda_red,#ff0004,False
chocolate,#d2691e,True
chofismuller,#e6275d,False
cinepol,#d2001b,False
clay_pink,#c170b5,False
clouds_from_heaven,#fafffd,False
cobalt_blue,#0047ab,False
coconut_milk_white,#fff9f2,False
cold_mint,#00ffbb,False
color_no_216-190-216,#d8bed8,False
communist_red,#cd0000,False
compact_disc_grey,#cdcdcd,False
coral,#ff7f50,True
cornflower_blue,#6495ed,False
cornflowerblue,#6495ed,True
cornsilk,#fff8dc,True
coronavirus_black,#202020,False
corrosive_red,#ac1d1c,False
cosmic_latte,#fff8e7,False
cotton_candy,#ffddf9,False
cotton_grey,#e1e1e1,False
covfefe_mint,#c0fefe,False
creeper_aw_man,#1eeb01,False
crimson,#dc143c,False
crimson,#dc143c,True
crying_on_the_bathroom_floor,#f7faff,False
cryptic_mauve,#dec0de,False
cumulus,#f3f3f3,False
cursed_black,#131313,False
cursed_grey,#666666,False
cyan,#00ffff,False
cyan,#00ffff,True
cynical_black,#171717,False
cyrce_cristinne,#c43ce1,False
dad,#daddad,False
dada_grey,#dadada,False
dale_oeste,#046c43,False
dancing_queen,#abbbba,False
danganronpa_blo0d,#ff00ee,False
danganronpa_blood,#ed0f87,False
danganronpa_blood,#ff00f2,False
dank_cordovan,#420000,False
dark_blue,#00008b,False
dark_but_not_to_dark,#000203,False
dark_charcoal,#333333,False
dark_city,#030202,False
dark_discord,#23272a,False
dark_handsome_squidward,#296369,False
dark_red,#8b0000,False
dark_white,#021206,False
darkblue,#00008b,True
darkcyan,#008b8b,True
darkgoldenrod,#b8860b,True
darkgray,#a9a9a9,True
darkgreen,#006400,True
darkgrey,#a9a9a9,True
darkkhaki,#bdb76b,True
darkmagenta,#8b008b,True
darkolivegreen,#556b2f,True
darkorange,#ff8c00,True
darkorchid,#9932cc,True
darkred,#8b0000,True
darksalmon,#e9967a,True
darkseagreen,#8fbc8f,True
darkslateblue,#483d8b,True
darkslategray,#2f4f4f,True
darkslategrey,#2f4f4f,True
darkturquoise,#00ced1,True
darkviolet,#9400d3,True
darth_vader,#0b0b0b,False
datty,#33aaff,False
deadly_yellow,#dead00,False
deaf_orange,#deaf00,False
deca_navy,#102030,False
decaf_lavender,#decaff,False
decreasing_brown,#654321,False
deep_purple_wine,#990a6c,False
deeppink,#ff1493,True
deepskyblue,#00bfff,True
defaultian_gray,#212121,False
delayed_yellow,#fdf901,False
denkfabrikblau,#324369,False
depressed_crayon,#cf080b,False
devilishly_dark_blue,#000666,False
devilishly_yellow,#666000,False
dfens_15yo_anniversary,#baa468,False
dimgray,#696969,True
dimgrey,#696969,True
dirk_orange,#f2a400,False
disappointing_taxi,#badcab,False
discord,#36393f,False
discord_blurple,#7289da,False
discord_gray,#2c2f33,False
discord_light_mode,#fff5f5,False
distant_lovers,#600009,False
do_you_listen_to_girl_in_red,#bd0003,False
dodgerblue,#1e90ff,True
dodie_yellow,#fef65b,False
doge_fur_gold,#d2c661,False
domolique_purlple,#30184c,False
doodle_red,#d00d1e,False
doodoo,#d00d00,False
doofenshmirtz_evil_incorpoated,#5a20a1,False
double_dues,#feefee,False
double_o_seven,#000007,False
downward_brown,#876543,False
downwards_green,#109876,False
dracomalfoy'shair,#fffce0,False
dragonblue,#3700ff,False
dream,#00ff1a,False
dream_island_chartreuse,#bfd100,False
dreams_fav_colour,#37ff00,False
dreams_in_lavender,#f8edff,False
dreamwastaken,#45fd23,False
dried_blood,#610a0a,False
drupal_blue,#0678be,False
dude_turn_the_lights_back_on,#000000,False
dusty_chimney,#4b4b4b,False
dusty_lavender,#d9c9fe,False
dusty_rose,#cfa4ae,False
e-boys_led_lights,#ff0011,False
e_rosita,#dc36ab,False
ea_white,#eaeaea,False
ed_ed_n_eddy,#ededed,False
edge_of_space,#000030,False
egg,#fcfffa,False
eggplant,#641647,False
electric_banana,#fbff00,False
electric_indigo,#6f00ff,False
electric_neon_key_lime_pie,#66ff00,False
electric_pickle,#00ff04,False
electric_pink,#ff00c8,False
electric_purple,#7b00ff,False
electric_purple,#bf00ff,False
electrical_green,#22ff00,False
electronic_entertainment_expo,#e3e3e3,False
elite_green,#133700,False
elite_teal,#133337,False
elmo,#980505,False
emerald_of_lorna,#0c660a,False
emergency_black,#000911,False
emergency_meeting_red,#ef2f08,False
emergency_red,#911911,False
emo_phase_hair_streak,#ae00ff,False
emperor's_blue,#010221,False
enderdragon_breath,#aa00ff,False
enemy_lines,#500000,False
enigma_evergreen,#00e25b,False
envelope_white,#e5e5e5,False
ephemeral_life,#deaddd,False
epic_gamer_blue,#042069,False
epic_koosh_green,#069420,False
error_404,#404040,False
error_black,#040404,False
error_blue,#5100ff,False
etoile_du_matin,#210201,False
euler's_aubergine,#271828,False
explosive_grey,#c4c4c4,False
exponential_green,#124816,False
extraordinary_abundance_of_tinge,#e6e6e6,False
facade,#facade,False
facebook_blue,#4267b2,False
fad_yellow,#fadfad,False
fade_yellow,#fade00,False
fake_blurple,#5865f2,False
family_size_condensed_soup,#e0e0e0,False
fast_food_red,#f00d00,False
fbi,#fb1fb1,False
fibonacci_blue,#112358,False
fibonacci_navy,#011235,False
fiftieth_shade_of_grey,#505050,False
firebrick,#b22222,False
firebrick,#b22222,True
five-degree_black,#050505,False
flash_of_orange,#ffaa00,False
flashback_mary,#fefffc,False
flashbackmary,#fffffa,False
flatulence_green,#314f45,False
flintstone_pink,#dabad0,False
floralwhite,#fffaf0,True
fluffy_cream,#fff9ed,False
fluffy_ice,#fcfaff,False
fnarble,#e79738,False
foggy_glasses,#faffff,False
foggy_mountain,#d9d9d9,False
foo_red,#f00f00,False
forest_hiking,#04be05,False
forest_koala,#338f80,False
forest_primes,#235711,False
forestgreen,#228b22,True
fortegreen,#1d9853,False
forward,#1a2b3c,False
french_bubblegum,#fb99a1,False
french_vanilla_sunrise,#fffff5,False
fresh_milk,#feffeb,False
friendship,#bffbff,False
frimpy's_colour,#d90ddc,False
frog_candy,#59ff00,False
fuchsia,#ff00ff,True
full_saturation_green,#51ff00,False
fum,#fef1f0,False
furry_orange,#e62100,False
gabriel's_blue,#b8def5,False
gabriel_blood,#920000,False
gainsboro,#dcdcdc,True
gamer_purple,#42069f,False
gdragon,#958cff,False
geese_shat_green,#082200,False
gemini_gray,#707070,False
ghostly_orchid,#cdb7ec,False
ghostly_purple,#7b5d92,False
ghostwhite,#f8f8ff,True
girl_in_red,#ad0920,False
glass,#fafdff,False
glaucous,#6082b6,False
gold,#ffd700,False
gold,#ffd700,True
golden_mean_green,#161803,False
goldenrod,#daa520,True
google_blue,#4285f4,False
gr8_m8_i_r8_8_out_of_8,#888888,False
granddaddy's_ashes,#c2c2c2,False
graphite,#323232,False
gray,#808080,True
green,#008000,True
green,#00ff00,False
green_screen,#00ff11,False
green_screen,#11ff00,False
greenday,#99ff00,False
greenyellow,#adff2f,True
grey,#808080,False
grey,#808080,True
grey_snow,#c8c8c8,False
greyple,#99aab5,False
grim_pink,#deadaf,False
gryffindor,#ab0a10,False
hacker_blue,#013370,False
haha_nice,#000420,False
hamilton,#d0ac17,False
hamlindigo_blue,#6276a3,False
harley_green,#4ac925,False
harry_styles,#e0a2c6,False
harry_styles,#f86092,False
hasn't_returned_for_5_years,#daaaad,False
haxe_orange,#ea8220,False
headache_inducing_pink,#ee00ff,False
heck,#facfac,False
heck_yeah,#694200,False
hello_darkness_my_old_friend,#0c0c0c,False
heneedsomemilk,#f7fffe,False
highlighter_green,#33ff00,False
holiday_pool,#78bde4,False
honeydew,#f0fff0,True
hot_furry_pink,#e62169,False
hotpink,#ff69b4,True
housecall,#2196f3,False
hufflepuff,#f5dc00,False
hufflepuff,#ffda24,False
hundred_thousand,#100000,False
hungry_red,#f0000d,False
hungry_white,#feeedd,False
i'm_blue,#dabade,False
i'm_not_like_other_shreks,#4ed965,False
i_hate_my_bridesmaids_pink,#a43ab9,False
i_think_this_is_called_white,#fdf7ff,False
icarus_feathers,#f5f9ff,False
ice_ice,#baebae,False
iceberg_that_hit_the_titanic,#cee3e8,False
iced_almond,#fef4dd,False
ikea,#0d00ff,False
im_blue_labadeelabeeda,#0011ff,False
in_a_distant_dream,#f7fdff,False
in_the_feedback,#ff007b,False
incremental_blue,#123456,False
indian_red,#cd5c5c,False
indianred,#cd5c5c,True
indigo,#4b0082,False
indigo,#4b0082,True
infinity_pink,#ff0077,False
international_klein_blue,#002fa7,False
inverted_pjiggles_pink,#7cdda8,False
invisible_crayon,#fafffa,False
is_this_white_off_to_you,#fefff5,False
it's_also_basically_black,#010000,False
it's_still_basically_black,#000001,False
its_not_a_phase_mom,#020302,False
ivory,#fffff0,False
ivory,#fffff0,True
ivory_egg,#f9f9f9,False
ivory_wedding,#f5ffff,False
jade,#00a86b,False
jadinha,#10ade1,False
james_bond_green,#007007,False
james_charles's_foundation,#fef7ff,False
jean_valjean,#024601,False
jet_black,#0a0a0a,False
jet_black_crow,#030102,False
john_egbert_blue,#0715cd,False
juandroide,#a88f34,False
juicy_watermelon',#ff0040,False
karen,#c42b76,False
karen,#d9158b,False
karkat,#fd0101,False
khaki,#f0e68c,True
kilpatrick's_sadness,#a2b3c5,False
kilpatrick,#23aacc,False
kinda_incremental_blue,#345678,False
kingly_cloud,#dedede,False
kirishima,#e22410,False
klexxy,#4422b6,False
kokichi,#861e93,False
kristosaurus_purple,#2d2036,False
la_la_la,#1a1a1a,False
lapis_lazuli,#001cff,False
lapis_lipstick,#0400ff,False
larry_stylinson,#00a4a0,False
larry_stylinson,#1fa278,False
larry_stylinson,#43bb9d,False
lavender,#e6e6fa,True
lavenderblush,#fff0f5,True
lawngreen,#7cfc00,True
lean,#b500ff,False
learning_green,#abc123,False
leet_navy,#001337,False
lelinha,#12e9a1,False
lemon-lime_sherbert,#d0ff00,False
lemonade_with_sugar,#ffe600,False
lemonchiffon,#fffacd,True
leplep,#a8ad18,False
lets_go_mills_baby_love_da_mills,#f8d6d7,False
lextacy,#bb0f12,False
lifeless_light,#00dead,False
liftoff_brown,#543210,False
light_blue,#add8e6,False
light_charcoal,#646464,False
lightblue,#add8e6,True
lightcoral,#f08080,True
lightcyan,#e0ffff,True
lightening_mcqueen,#ff000d,False
lightgoldenrodyellow,#fafad2,True
lightgray,#d3d3d3,True
lightgreen,#90ee90,True
lightgrey,#d3d3d3,True
lightpink,#ffb6c1,True
lights_out_go_to_bed,#010301,False
lightsalmon,#ffa07a,True
lightseagreen,#20b2aa,True
lightskyblue,#87cefa,True
lightslategray,#778899,True
lightslategrey,#778899,True
lightsteelblue,#b0c4de,True
lightyellow,#ffffe0,True
lime,#00ff00,True
lime,#80ff00,False
lime,#bfff00,False
lime_zest,#ddff00,False
limegreen,#32cd32,True
linen,#faf0e6,True
liquid_neon,#c8ff00,False
livid_dream,#b191e5,False
liy,#bfbbfb,False
lone_hunter_green,#94c84c,False
louis_blue,#9fc1ed,False
louis_blue,#afcaf2,False
love,#d64f81,False
lovely_fatima,#c521ac,False
lucky_clover_shine,#1eff00,False
lucky_grey,#777777,False
luminous_pink,#d92fb4,False
luna_blue,#000dff,False
lunar_rock,#c5c5c5,False
lust,#b00b1e,False
lynx_white,#f7f7f7,False
mad_couleur,#735190,False
magenta,#ff00ff,False
magenta,#ff00ff,True
magenta_with_personality,#f700ff,False
mail_in_winter,#fdfffc,False
mann_co_orange,#cf7336,False
marinara_red,#ff0008,False
markiplier,#ab0b00,False
maroon,#800000,False
maroon,#800000,True
math_test_paper,#f5fdff,False
mathematically_perfect_purple,#8000ff,False
mcdonald's_arches,#ffe100,False
meaning_of_everything_gray,#424242,False
mediumaquamarine,#66cdaa,True
mediumblue,#0000cd,True
mediumorchid,#ba55d3,True
mediumpurple,#9370db,True
mediumseagreen,#3cb371,True
mediumslateblue,#7b68ee,True
mediumspringgreen,#00fa9a,True
mediumturquoise,#48d1cc,True
mediumvioletred,#c71585,True
mega_green,#c0ff00,False
megido_red,#a10000,False
memes_as_old_as_vine,#8c00ff,False
mendix_blue,#0595db,False
meng_pink,#ff00cc,False
mermaid_eyes,#008cb4,False
metafilter_blue,#336699,False
middle_school_boy,#d9ff00,False
middle_school_boys_neon_shorts,#3af33f,False
middle_school_boys_whole_outfit,#9dff00,False
midnight,#140036,False
midnight_blue,#191970,False
midnight_gray,#444444,False
midnightblue,#191970,True
mike_wazowski,#7ed146,False
mike_wazowski_monsters_inc_green,#78b207,False
mike_wazowski_on_acid,#aaff00,False
miku_green,#39c5bb,False
miles_edgeworth,#a01a65,False
milk,#fdfff5,False
milky_chance,#b000b5,False
million_grey,#999999,False
minecraft,#75b049,False
minecraft_chest,#ae6a29,False
minecraft_diamond,#1ecec3,False
minecraft_title,#787878,False
minecraft_void,#00000a,False
mint,#aefac6,False
mint_cream,#f5fffa,False
mint_nebula,#e0fff6,False
mintcream,#f5fffa,True
mintlodica,#2ec2a5,False
minty_seafoam,#00ffa2,False
mississippi_state_university,#660000,False
mistyrose,#ffe4e1,True
moccasin,#ffe4b5,True
mogul_mint,#8eeae7,False
mom_we_have_white_at_home,#fefcff,False
moon_crater_gray,#363636,False
mountain_rock_grey,#737678,False
mr_purple,#6a00ff,False
msushi_purple,#b200ff,False
murderous_blunge,#d1ed1e,False
my_11_year_old_brothers_t_shirts,#c3ff00,False
my_english_teachers_hair_color,#0800ff,False
my_grandmas_wig,#fafbff,False
mypvp_yellow,#ffdb4b,False
nacho_cheese,#ffbb00,False
naughty_boy,#badbad,False
navajowhite,#ffdead,True
navy,#000080,False
navy,#000080,True
neon_green,#3fff00,False
neon_highlighter_kid,#a2ff00,False
neon_kermit,#09ff00,False
neon_lime,#95ff00,False
neon_mint,#00ffa0,False
neon_rose,#ff0080,False
nether_portal_indigo,#6200ff,False
never_forgetti,#091101,False
nice,#696969,False
nice_cyan,#006969,False
nice_dank,#060420,False
nice_dank_red,#690420,False
nice_green,#006900,False
nice_red,#690000,False
nickel_grey,#bfbfbf,False
nickelodeon_slime,#0dff00,False
nicki_minaj,#ff00dc,False
nine_from_bfdi,#dde2ec,False
nintendo_wii,#fbf7ff,False
nocturnal,#030302,False
not_quite_nice,#686868,False
notices_your_lime,#00e621,False
nuclear_gem,#2bff00,False
obnoxiously_blue,#1900ff,False
ocean_eyes,#a9c7cf,False
ocean_of_angels,#00ddff,False
odd_blue,#135791,False
off_black,#030303,False
official_grayfruit_border,#d300ff,False
official_grayfruit_green,#54ff9e,False
official_grayfruit_shadow,#09204c,False
official_tiffany_blue,#81d8d0,False
offosch_lila,#a1529b,False
oh_my_discord,#8684fa,False
oh_my_god_this_hurts_my_eyes,#00ff33,False
old_macdonald's_yellow,#e1e100,False
oldlace,#fdf5e6,True
olive,#808000,False
olive,#808000,True
olivedrab,#6b8e23,True
on_the_haters,#dabdab,False
oppositelock_orange,#fd6c22,False
orange,#ffa500,True
orangered,#ff4500,True
orchid,#da70d6,True
original_barney,#7300ff,False
original_red,#fb0000,False
palegoldenrod,#eee8aa,True
palegreen,#98fb98,True
paleturquoise,#afeeee,True
palevioletred,#db7093,True
palindrome_green,#abccba,False
papayawhip,#ffefd5,True
paper,#f1f1f1,False
pato_de_aqualand,#4940ff,False
patti's_mane,#b3039e,False
patty_blinger,#e89210,False
peached_tea,#ffc5ab,False
peachpuff,#ffdab9,True
peachy_keen,#fdca9c,False
peluca_de_la_suerte_de_geoguessr,#ca285d,False
peluca_rosa_de_pol,#f900f1,False
pepega_clap,#b967ff,False
periwinkle,#ccccff,False
perplexed_purple,#9900ff,False
peru,#cd853f,True
peta,#beefed,False
philza,#16f15c,False
phos,#6ae3b5,False
picnic_in_a_strawberry_field,#fa8383,False
pink'o,#b2228c,False
pink,#ffc0cb,False
pink,#ffc0cb,True
pink_as_hell,#ff69b4,False
pinky_pickle,#b96d8e,False
piss_yellow,#ddd618,False
plum,#dda0dd,True
poison_purple_paradise,#b300ff,False
pol_apasionado,#ed0e0b,False
pol_viejosabrozo,#5c94eb,False
polar_bear_in_a_blizzard,#fcffff,False
polarbear_paws,#e5e1d0,False
policarbonato,#3eb15b,False
policarpio_en_mal_dia,#71c269,False
poliscarpio_te_amamos,#ab1e11,False
polish_red,#d4213d,False
polished_tin,#aeaeae,False
pool_of_diamonds,#00ffd9,False
popping_cherry_chapstick,#ff002b,False
potato,#b08953,False
powderblue,#b0e0e6,True
precious_snowflake,#f7f7ff,False
prussian_blue,#003153,False
psychedelic_purple,#dd00ff,False
pupa,#f7ea48,False
pure_sunshine,#ffee00,False
puro_grey,#393939,False
purple,#800080,True
purple_baobab,#ba0bab,False
purple_eggplant,#450f4c,False
purple_guy,#9e08be,False
purple_lite,#d819f5,False
purple_snurples,#8a00ff,False
quarantine_lime_green,#84ff00,False
quarantined_cream,#fdfff7,False
radioactive_booger,#a3ff00,False
radix_blue,#0066ff,False
raiders_of_sunset_pass,#636363,False
ranblue,#c5f7fe,False
ravenclaw,#0a0555,False
react_green,#3dba14,False
really_dark_blue,#000009,False
rebecca_purple,#663399,False
rebeccapurple,#663399,True
red,#ff0000,True
red_tedir,#b83c73,False
reddit_moment,#eb4518,False
reverse_password,#098765,False
rickroll_blue,#bcc0ef,False
rising_green,#022101,False
robin's_egg_blue,#00cccc,False
roblox,#f20707,False
rock_n_roll,#191919,False
roll_pen_ink_blue,#222b5d,False
rose,#ff007f,False
rose_lalonde_purple,#b536da,False
rose_sandstones,#cfbaac,False
rosybrown,#bc8f8f,True
rotten_beef,#beef00,False
royal_blue,#1900b8,False
royalblue,#4169e1,True
ruben_red,#e83821,False
ruby,#e0115f,False
sad_minion_yellow,#ffec00,False
sad_sad_teal,#5ad5ad,False
sad_sunshine_yellow,#e8ffd4,False
saddlebrown,#8b4513,True
salmon,#fa8072,False
salmon,#fa8072,True
sandybrown,#f4a460,True
sans,#0004ff,False
sansational,#4782c9,False
savory_salmon,#da8488,False
scott_the_woz_blue,#3b56ff,False
screaming_grey,#aaaaaa,False
screeching_white,#eeeeee,False
sea_of_sky,#00d5ff,False
sea_salt_pink,#ffe0e2,False
seagreen,#2e8b57,True
seashell,#fff5ee,True
semhar,#fff533,False
shark,#ababab,False
sheep_gray,#baaaaa,False
shivani_gakhar,#a60083,False
shrek,#98b317,False
shrek_but_as_an_anime_girl,#7cfc0e,False
sick_face,#face00,False
side_character_energy,#dabdee,False
sienna,#a0522d,True
silver,#c0c0c0,False
silver,#c0c0c0,True
simply_red,#fe0000,False
singapore_red,#ef3340,False
skeppy,#00d8ff,False
sky,#afdaf1,False
sky_blue,#73abeb,False
skyblue,#87ceeb,True
slateblue,#6a5acd,True
slategray,#708090,True
slategrey,#708090,True
slush,#969696,False
slytherin,#004d08,False
slytherin,#083503,False
smooth_pearl,#f5fffb,False
smoov_green,#27ff27,False
snake_eyes,#aceace,False
snapchat_yellow,#fffc00,False
snapp,#00d170,False
snow,#fffafa,False
snow,#fffafa,True
snowdrop,#feffff,False
snowflake,#fcfcfc,False
snowy_cardigan,#e2e1d9,False
so_close_to_black_it_hurts,#000003,False
solnishko's_sunrise,#fb9700,False
soltorg_yellow,#ffe500,False
sonic,#001aff,False
sopa_di_maccaco,#c94160,False
soviet_gold,#ffd900,False
soviet_russia,#e21b1b,False
soviet_russia,#ff0000,False
sparky_blue,#2cccd3,False
spectral_glow,#0dead0,False
spectre_blue,#0099ff,False
spider_silk,#dbdbdb,False
spongebob,#f2ff00,False
spotify_green,#1db954,False
spring,#00ff80,False
springgreen,#00ff7f,True
staffy_yellow,#f4e32a,False
stale_steak,#a1a1a1,False
stan_loona,#fe90ff,False
star_platinum,#9500ff,False
steam,#dddddd,False
steelblue,#4682b4,True
still_black,#000002,False
still_brighter_than_my_future,#0a0006,False
still_white,#fffefe,False
stone_cold_gray,#555555,False
store_bought_mac_and_cheese,#ffea00,False
stormtrooper,#fffeff,False
strawberry_flavoured_yogurt,#fed7f6,False
strider_red,#e00707,False
sugar_milk,#fff9f5,False
sundried,#ffdd00,False
sunflower_island,#ffcc00,False
sunkist_oranges,#ffa600,False
sunshine,#fae100,False
superficial_burn,#d33529,False
swatchling_red,#e23d28,False
sweet_cherry_chapstick,#ff0044,False
sweet_pearl,#fffef0,False
system_preferences,#afafaf,False
tan,#d2b48c,False
tan,#d2b48c,True
tardis_blue,#003b6f,False
tarnished_trumpet,#b89714,False
tawanda_nyahuye,#c6a097,False
taxes,#feeeee,False
teal,#008080,False
teal,#008080,True
technically_red,#030000,False
technoblade,#ef94aa,False
tenacious_cinnabar,#e74c3c,False
terraria_green,#25ca61,False
test123,#123123,False
thanos,#854eae,False
that_sea_we_drew_in_third_grade,#1100fb,False
the_1st_girl,#ec008b,False
the_answer,#000042,False
the_blood_of_your_enemies,#ff0037,False
the_closest_i_could_get_to_white,#f7f9ff,False
the_color_of_2017,#dabbed,False
the_color_of_the_milk_my_dad_got,#fcfdff,False
the_count's_black,#010203,False
the_darkest_green,#000100,False
the_devil's_grass,#666420,False
the_gayest_color_i_have_ever_see,#c389de,False
the_gayest_of_the_frogs,#aaf895,False
the_grape_war_of_97',#bb00ff,False
the_inside_of_an_oreo,#fffcfc,False
the_milk_my_dad_went_out_to_get,#f5f7ff,False
the_official_grayfruit_sheen,#fafafa,False
the_question,#2b2b2b,False
the_square_root_of_blue,#141421,False
the_valentino_white_bag,#f7fffc,False
thermic_orange,#eb3318,False
thistle,#d8bfd8,True
thunderstruck_neon,#acdc00,False
tianyi_blue,#66ccff,False
tiffany_blue,#0abab5,False
tigers_blood,#900000,False
tin_soldier,#bebebe,False
tinky_winky_teletubbies,#cc00ff,False
titanium_white,#e4e4e4,False
tomato,#ff6347,True
toxic_aliens,#73ff00,False
toxic_cafe_green,#cafe00,False
toxic_green,#12ff00,False
transcended,#fafffc,False
trench_squid,#5988ff,False
triple_decker_nice,#666999,False
trump,#f79400,False
trumpet_gold,#e9b413,False
trumpet_music,#c3af67,False
tunic_green,#00cc00,False
turkish_red,#e30a17,False
turquoise,#40e0d0,False
turquoise,#40e0d0,True
turquoise_pearl,#89f5e3,False
turquoise_sprite,#00ffcc,False
twitch_cuando_esta_pol_en_direct,#a2019f,False
twitch_descolorido,#997abf,False
twitch_mareao,#b76ecb,False
twitter_blue,#1da1f2,False
two-faced_blue,#2faced,False
ultramarine_blue,#1500ff,False
underwater_ocean_mist,#00f2ff,False
unliving_pink,#deaded,False
unloaded_texture_purple,#c64fbe,False
ussr_red,#cc0000,False
uwaterloo_engsoc_purple,#57058b,False
uwu,#e19ada,False
vanilla_lavender_dream,#d2bfff,False
vanilla_shake,#fffbf0,False
vantas_gray,#626262,False
vaporwave,#d900ff,False
vaporwave_blue,#01cdfe,False
velocity_gray,#e8e8e8,False
very_mature,#69b00b,False
vexbloo,#01b2ff,False
vibrant_mint,#00ffe5,False
violet,#7f00ff,False
violet,#ee82ee,True
viridian,#40826d,False
viriliam,#00ffa,False
vivid_sky_blue,#00ccff,False
wallamaybungya_evening,#012082,False
wallamaybungya_pink,#e93159,False
wallamaybungya_red,#e73b3d,False
wallamaybungya_rust,#c4843b,False
wallamaybungya_sea,#8be4c1,False
was_that_the_bite_of_eightyseven,#878787,False
wasting_money_indigo,#6366f1,False
watered_christmas_tree,#3e6535,False
watermelon_sugar,#e42b73,False
webwork_green,#88ff88,False
wedding_dress,#fffefa,False
weee_ooooh_im_a_firetruck,#ff0022,False
weezer_blue_color,#189bcc,False
welcome_to_night_vale_purple,#9b3b91,False
wheat,#f5deb3,True
white,#ffffff,True
white_as_heaven,#fefefe,False
white_but_its_not,#f7fffa,False
white_sheep,#baabaa,False
whiten't,#050d02,False
whiteout,#fbfbfb,False
whitesmoke,#f5f5f5,True
whoa_red,#d0000d,False
wiklosoftowy,#9000ff,False
wilbur_soot,#edd32b,False
wild_chocolate,#665134,False
wood_pigeon,#aabbcc,False
wuom,#ab1d0e,False
xanadu,#738678,False
yaoi_lord_yuzu,#e3c0f7,False
yellow,#ffff00,False
yellow,#ffff00,True
yellowgreen,#9acd32,True
yinmn_blue,#2e5090,False
you_can_barely_tell_it's_pink,#fffafd,False
you_forgot_1,#234567,False
your_mom_would_not_approve,#420699,False
your_phone_at_3am,#fffaff,False
your_reflection_in_the_screen,#020301,False
zero-indexed_blue,#012345,False
zeus's_bolt,#eeff00,False
zima_blue,#5bc2e7,False